,question,label
0,What is habeas corpus ?,1
1,What is bangers and mash ?,1
2,What is the half-life of P-32 ?,1
3,What does the name Jenna mean ?,1
4,What is the feudal system ?,1
5,What are polymers ?,1
6,"What are Cobol , Fortran , and Pascal ?",1
7,What are bear and bull markets ?,1
8,What is a Cartesian Diver ?,1
9,What does the word `` opera '' mean ?,1
10,What are Fortune 500 companies ?,1
11,What does Las Vegas mean ?,1
12,What is the `` fourth dimension '' ?,1
13,What is pneumonia ?,1
14,What is the Home Rule Act ?,1
15,What is Boston Kreme ?,1
16,What does `` E Pluribus Unum '' on the penny mean ?,1
17,What is Srpska Krajina ?,1
18,What is the theory of equivalence states ?,1
19,What does `` Semper Fidelis '' mean ?,1
20,What is making love ?,1
21,"What does the Greek word polis mean , as in Minneapolis ?",1
22,What is La Nina ?,1
23,What is a heuristic ?,1
24,What is thalassemia ?,1
25,What is a green bog ?,1
26,What is the contents of proposition 98 ?,1
27,What is cryptography ?,1
28,What is a wart ?,1
29,What is metabolism ?,1
30,What does the number 33 on the Rolling Rock beer bottle mean ?,1
31,What is titanium ?,1
32,What is the Milky Way ?,1
33,What is the chunnel ?,1
34,What is Valentine 's Day ?,1
35,What is an annuity ?,1
36,What is a Guild ?,1
37,What is the HIGHEST Roman numeral ?,1
38,What is an antigen ?,1
39,What 's the meaning of the name Tatiana ?,1
40,What is a thermometer ?,1
41,What is hydrogen ?,1
42,What is neurology ?,1
43,What is graduate school ?,1
44,What is a multiplexer ?,1
45,What is cerebral palsy ?,1
46,Define the Pheonix Club ?,1
47,What is the Order of the Arrow in Boy Scouts ?,1
48,What are triglycerides ?,1
49,What is home equity ?,1
50,What is a transistor ?,1
51,What is cunnilingus ?,1
52,Define cosmology .,1
53,What is a hormone ?,1
54,What is vertigo ?,1
55,What does camera-ready art mean ?,1
56,What does the name ` Alexandra ' mean ?,1
57,What is an ecological niche ?,1
58,What is an earthquake ?,1
59,What is lung cancer ?,1
60,What was the filling in the first golf balls ?,1
61,What is `` snoogans '' ?,1
62,What is a philanthropist ?,1
63,What is ouzo ?,1
64,What is a serigraph ?,1
65,What does `` extended definition '' mean and how would one write a paper on it ?,1
66,What is `` flintknapping '' ?,1
67,What does `` intractable plantar keratoma '' mean ?,1
68,What are pediatricians ?,1
69,What is fungus ?,1
70,What is a caldera ?,1
71,What is the Socratic method ?,1
72,What 's a `` coup de poing '' to a French boxer ?,1
73,What does verdandi mean ?,1
74,What is an aortic abdominal aneurysm ?,1
75,What is the Lost Colony ?,1
76,What is typhoid fever ?,1
77,What are amaretto biscuits ?,1
78,What is a meerkat ?,1
79,What is dianetics ?,1
80,What is a thyroid ?,1
81,What does the term `` spaghetti western '' mean ?,1
82,What are enzymes ?,1
83,What is dew point ?,1
84,What is a caul ?,1
85,What are solar cells ?,1
86,What is Tetrinet ?,1
87,What is porphyria ?,1
88,What are boxcars ?,1
89,What is a drought ?,1
90,What is the nature of learning ?,1
91,What is a nanometer ?,1
92,What is a Canada two-penny black ?,1
93,What does appropriates money mean ?,1
94,What are pomegranates ?,1
95,What is goulash ?,1
96,What else has the swastika stood for ?,1
97,What is a cullion ?,1
98,What are amicable numbers ?,1
99,What is Sinn Fein ?,1
100,What was the Vietnam War ?,1
101,What is a micron ?,1
102,What are xerophytes ?,1
103,What is Occam 's Razor ?,1
104,What is `` Chicago Hope '' ?,1
105,What is a biosphere ?,1
106,What 's an auberge in France ?,1
107,What is Australia Day ?,1
108,What is diabetes ?,1
109,What is the virus HIV ?,1
110,What does the donation process entail ?,1
111,What is prepared mustard ?,1
112,What are the Twin Cities ?,1
113,What is nepotism ?,1
114,What is a hydrogen bond ?,1
115,What is amezaiku ?,1
116,What is sound ?,1
117,What is e-coli ?,1
118,What is paracetamol ?,1
119,What 's the meaning of UOL ?,1
120,What are manifest and latent function theories ?,1
121,What is magnetar ?,1
122,What does `` Sitting Shiva '' mean ?,1
123,What is hypertension ?,1
124,What does the name Billie mean ?,1
125,What is semolina ?,1
126,What is a carcinogen ?,1
127,What is a neurosurgeon ?,1
128,What is crabgrass ?,1
129,What are Aborigines ?,1
130,What are faults in the earth 's crust ?,1
131,What is mandibulofacial dysostosis ?,1
132,What is cryogenics ?,1
133,What is a storm surge ?,1
134,What are `` inkhorn terms '' ?,1
135,What 's a male `` cuckquean '' ?,1
136,What is yohimbine ?,1
137,What is the poetic meter of blank verse ?,1
138,What are the seven virtues ?,1
139,What is The Gay Science ?,1
140,What are spider veins ?,1
141,What is nuclear power ?,1
142,"What do the names Neil , Mary , and Anthony mean ?",1
143,Define Sinn Fein .,1
144,What is Plc ?,1
145,What is form drag ?,1
146,What is a parasite ?,1
147,What are sunspots ?,1
148,What are the Poconos ?,1
149,What does Venus Retrograde mean ?,1
150,What is a horologist ?,1
151,What is osmosis ?,1
152,What is carbon dioxide ?,1
153,What is meant by blood SED rate ?,1
154,What does the word fortnight mean ?,1
155,What is acetic acid ?,1
156,"What is deadrise , nautical , ?",1
157,What is office automation ?,1
158,What is mad cow disease ?,1
159,What does `` Philebus-like '' mean ?,1
160,What is color ?,1
161,What is power steering ?,1
162,What does Aaron mean ?,1
163,What is idealab ! ?,1
164,What are invertebrates ?,1
165,What does the word `` meta '' mean ?,1
166,What is Toulmin logic ?,1
167,"What was archy , and mehitabel ?",1
168,What is barnstorming ?,1
169,What is relative humidity ?,1
170,What do the names Andrew and Christina mean ?,1
171,What is foreclosure ?,1
172,What is cosmology ?,1
173,What is a rhomboideus minor ?,1
174,What is the chemiosmotic theory ?,1
175,What is severance pay ?,1
176,What is a Certified Nurse Midwife ?,1
177,What is die-casting ?,1
178,What are antacids ?,1
179,What was the Chivington Massacre ?,1
180,What does palindromic mean ?,1
181,What is proposition 98 about ?,1
182,What is `` Vocal Sampling '' ?,1
183,What is spaceball played on ?,1
184,What does the name `` Anthony '' mean ?,1
185,What are the Valdez Principles ?,1
186,What is Zionism ?,1
187,What are Maid-Rites ?,1
188,What does the word affiant mean ?,1
189,What is InterLata Internet service ?,1
190,What does Phi Beta Kappa mean ?,1
191,What is compounded interest ?,1
192,What is a pig in a poke ?,1
193,What is phenylalanine ?,1
194,What is the medical condition of hypertension ?,1
195,What is an Angelus ?,1
196,What is the largest variety of cactus ?,1
197,What is Greek pita ?,1
198,"What is the meaning of caliente , in English , ?",1
199,What exactly is radiation ?,1
200,What is a handheld PC ?,1
201,What is dextropropoxyphen napsylate ?,1
202,Hazmat stands for what ?,1
203,What is Megan 's law ?,1
204,What is `` Nine Inch Nails '' ?,1
205,What is dry ice ?,1
206,What is a portal ?,1
207,What is measured in curies ?,1
208,What is hebephrenia ?,1
209,What is a turnkey contract ?,1
210,What does the name Kelly mean ?,1
211,What is a leper ?,1
212,What is hypertext ?,1
213,What is caffeine ?,1
214,What is a firewall ?,1
215,What is ethology ?,1
216,What is the filmmakers collabrative ?,1
217,What is saltpeter ?,1
218,What do pointed letters mean to a handwriting analyst ?,1
219,What does storm wave mean in Japanese ?,1
220,What is a fuel cell ?,1
221,What is false consciousness ?,1
222,What 's the rathaus in Frankfurt ?,1
223,What is propylene glycol ?,1
224,What is an annotated bibliography ?,1
225,What does the name Shawn mean ?,1
226,What is Doegs ?,1
227,What is `` cat scratch fever '' ?,1
228,What is angiotensin ?,1
229,"What do the number 1 , 2 , and 4 mean on Dr. Pepper bottles ?",1
230,What is the definition of a cascade ?,1
231,What is nanotechnology ?,1
232,What is goldenseal ?,1
233,What is rheumatoid arthritis ?,1
234,What does idle mean ?,1
235,What is the Kashmir issue ?,1
236,How is thalassemia defined ?,1
237,What is being done about the millennium bug ?,1
238,What is chromatology ?,1
239,What are the alveoli ?,1
240,What is the Peloponnesian League ?,1
241,What is a prism ?,1
242,What is the highest Roman numeral ?,1
243,What is a Mexican hairless ?,1
244,What is Head Start ?,1
245,What is a cake of soap ?,1
246,What is Win Rah ?,1
247,What is an ulcer ?,1
248,What is Shalom ?,1
249,What is epilepsy ?,1
250,What are coral reefs ?,1
251,What was the `` Dead Man 's Hand '' ?,1
252,What is object-oriented design ?,1
253,What is a wet dream ?,1
254,What is limbo ?,1
255,What is a virtual IP address ?,1
256,What is the executor in a will ?,1
257,What is the meaning of the name Kathryn ?,1
258,What is ozone depletion ?,1
259,What is a hyperlink ?,1
260,What is a tonne ?,1
261,What is nuclear proliferation ?,1
262,What is pasta ?,1
263,What is tyvek ?,1
264,What is carpal tunnel syndrome ?,1
265,What is the definition of a witch ?,1
266,What is the Amish religion ?,1
267,What is viscosity ?,1
268,What is capitalism according to Max Weber ?,1
269,What is the classic definition of tragic hero ?,1
270,What is a plant supplement ?,1
271,What 's the Red Planet ?,1
272,What is Java ?,1
273,What is fellatio ?,1
274,What is bio-diversity ?,1
275,What does the name `` Sabrina '' mean ?,1
276,What does the name `` Justin '' mean ?,1
277,"What are Kythnos , Siphnos , Seriphos and Mykonos ?",1
278,What is a dental root canal ?,1
279,What is osteoporosis ?,1
280,What is God ?,1
281,What is agent orange ?,1
282,What are field effect transistors ?,1
283,"What is the meaning of W.B. Yeat 's poem , `` The Three Hermits ? ''",1
284,What are a baseball team 's firemen ?,1
285,What is the definition of cosmology ?,1
286,What is solar wind ?,1
287,What is `` bloodhound '' ?,1
288,What is recruitment interview technique ?,1
289,What does Ouija mean ?,1
290,What is a biologist ?,1
291,What is a Jellicle Cat ?,1
292,What are the Low Countries ?,1
293,What is a pyrotechnic display ?,1
294,What does the term 3 mean to a newspaper editor ?,1
295,What is supernova ?,1
296,What is multimedia ?,1
297,What category does the color pink denote in the Trivial Pursuit Baby Boomer Edition ?,1
298,What is Wimbledon ?,1
299,What is the biblical meaning of ` stones ' ?,1
300,What is a tsunami ?,1
301,What is Candlemas Day ?,1
302,What does `` antidisestablishmentarianism '' mean ?,1
303,What is a geoscientist ?,1
304,What is probability theory ?,1
305,What is a wop ?,1
306,What is a panic disorder ?,1
307,What was the Long March in China ?,1
308,What is hybridization ?,1
309,What is home banking ?,1
310,What is a shaman ?,1
311,What does Melissa mean ?,1
312,What does `` Janelle '' mean ?,1
313,What does `` saute '' mean ?,1
314,What is a Chinese `` spouting '' bowl ?,1
315,What is influenza ?,1
316,What is the definition of low island ?,1
317,What is fibromyalgia ?,1
318,What 's a water funnel ?,1
319,What is a person 's socioeconomic position ?,1
320,What are amphibians ?,1
321,What is Smartnet ?,1
322,What does gringo mean ?,1
323,What does the Latin ante mortem mean ?,1
324,What is ethylene ?,1
325,"What are vermicilli , rigati , zitoni , and tubetti ?",1
326,What does cc in engines mean ?,1
327,What is sonar ?,1
328,What is hypnotherapy ?,1
329,What is hydroelectricity ?,1
330,What is bipolar disorder ?,1
331,What 's the meaning of the zoological term ruminant ?,1
332,What is usenet for the Internet ?,1
333,What is the meaning of `` CPR '' ?,1
334,What is schizophrenia ?,1
335,"What is the 401 , K , plan ?",1
336,What is a First World country ?,1
337,What are the Baltic States ?,1
338,What is a `` node '' in computer terms ?,1
339,What is a glory hole ?,1
340,What is an eclipse ?,1
341,What does the name Gina mean ?,1
342,What is a gandy dancer ?,1
343,What is platinum ?,1
344,What is the definition of `` chancery '' file in real estate ?,1
345,What is Spumante ?,1
346,What are Quaaludes ?,1
347,What was a Mae West on a World War II battleship ?,1
348,"What does the word camaro mean , from the GM car the Camaro ?",1
349,What is the hair style called that new military recruits receive ?,1
350,What is the Hub of London ?,1
351,What is fiber in food ?,1
352,What is mold ?,1
353,What is a bourdon tube ?,1
354,What are the cookies in Internet ?,1
355,What does N est-ce pas mean ?,1
356,What is literary criticism ?,1
357,What is Eagle 's syndrome styloid process ?,1
358,What is a bone marrow transplant meant for ?,1
359,What is film noir ?,1
360,What are liver enzymes ?,1
361,What is a nematode ?,1
362,What is tumbled marble ?,1
363,What does hazmat stand for ?,1
364,What are platelets ?,1
365,How can you define time ?,1
366,What is molybdenum ?,1
367,What is meant by `` capital market '' ?,1
368,What is myopia ?,1
369,"What does caliente mean , in English ?",1
370,What is phosphorus ?,1
371,What does a red flag mean in auto racing ?,1
372,What is June 's birthstone ?,1
373,What are perfect tenses ?,1
374,What are capers ?,1
375,What is amitriptyline ?,1
376,What is the meaning of thalassemia ?,1
377,What is a common dolphin ?,1
378,What is genocide ?,1
379,What does the term glory hole mean ?,1
380,What is gymnophobia ?,1
381,What are pathogens ?,1
382,What are hook worms ?,1
383,What is e-commerce ?,1
384,What is the definition of the term `` weapons system '' ?,1
385,What is leukemia ?,1
386,What is the literal meaning of `` D-DAY '' ?,1
387,What are the Greek numerals ?,1
388,What is Nitrox diving ?,1
389,"What 's the meaning of the Latin battle cry : Ad arma , ad arma .",1
390,What is the Bernoulli Principle ?,1
391,What is a urologist ?,1
392,What are the `` Star Wars '' satellites ?,1
393,What is white chocolate ?,1
394,What is the definition of hazmat ?,1
395,What does e=mc2 mean ?,1
396,What is an auto-commentary ?,1
397,What is the meaning of the name Ella ?,1
398,What are dingoes ?,1
399,What is pulmonary fibrosis ?,1
400,What are equity securities ?,1
401,What is `` the washed vodka '' ?,1
402,What is a gas release event ?,1
403,What is commonly considered the fifth sense ?,1
404,What is osteichthyes ?,1
405,What do the figures represent on the Easter Island ?,1
406,What is pandoro ?,1
407,What are binomial coefficients ?,1
408,What is endometriosis ?,1
409,What is bandwidth ?,1
410,What does the dot on the letter i mean ?,1
411,What is a mathematical factor ?,1
412,What are tannins ?,1
413,What is desktop publishing ?,1
414,What is the spirometer test ?,1
415,What is acid rain ?,1
416,What is the definition of spamming ?,1
417,What is a ` borrow pit ' ?,1
418,What is Ursa Major ?,1
419,What is a `` False Moon '' ?,1
420,What is a Devo hat ?,1
421,What is hyperopia ?,1
422,What is a dangling participle ?,1
423,What is Butterfield 8 in Butterfield 8 ?,1
424,What is Muscular Dystrophy ?,1
425,What are shooting stars ?,1
426,What is sodium chloride ?,1
427,What is an arab strap ?,1
428,What is the definition of the Scrabble word ` syzygy ' ?,1
429,What is thermal equilibrium ?,1
430,What is a conifer ?,1
431,What is a phalanx ?,1
432,What is the meaning of `` subaru ? '',1
433,What are the Urals ?,1
434,What is nicotine ?,1
435,What is cache memory ?,1
436,What is a leaky heart valve ?,1
437,What is a `` repeating voter '' ?,1
438,What is federal income tax ?,1
439,What is the `` Global Economy '' ?,1
440,What does the name Calder mean ?,1
441,What does the name `` Sheri '' mean ?,1
442,What is neuropathy ?,1
443,What is strep throat ?,1
444,What is pectin ?,1
445,What is a specimen of basidiomycetes ?,1
446,What is Mardi Gras ?,1
447,What are snowballs to a hot-rodder ?,1
448,What is acetaminophen ?,1
449,What does the theory of quantum leaps mean in simpler terms ?,1
450,What is digitalis ?,1
451,What is a bone marrow transplant ?,1
452,What is the `` coppertop '' battery ?,1
453,What is the circumorbital hematoma ?,1
454,What does seccession mean ?,1
455,What are values ?,1
456,What does Elysium mean ?,1
457,What is the `` 7-minute cigarette '' ?,1
458,What are ethics ?,1
459,What does ciao mean ?,1
460,What does it mean `` Rupee Depreciates '' ?,1
461,What is Teflon ?,1
462,What does the Georgetown `` Hoya '' mean ?,1
463,What is `` dew point '' ?,1
464,What is quicksilver ?,1
465,What are chloroplasts ?,1
466,What is naproxen ?,1
467,What is witch hazel ?,1
468,What is a stratocaster ?,1
469,What is autism ?,1
470,What are Bellworts ?,1
471,What 's a short ton ?,1
472,What is an obtuse angle ?,1
473,What do the red-and-white stripes on a barbershop pole stand for ?,1
474,What is the English meaning of caliente ?,1
475,What do the 12 days of Christmas mean ?,1
476,What is narcolepsy ?,1
477,What does the name Melissa mean ?,1
478,What 's the staff of life mentioned in the Lord 's Prayer ?,1
479,What is the AIM-54C Phoenix ?,1
480,What is peyote ?,1
481,What is cholesterol ?,1
482,What is humidity ?,1
483,What is deconstructionism ?,1
484,What does Robert mean ?,1
485,What is the pH scale ?,1
486,What is troilism ?,1
487,What is time ?,1
488,What is the Moulin Rouge ?,1
489,What is the Internet2 ?,1
490,Define Spumante .,1
491,What does the word terrorism mean ?,1
492,What is Olestra ?,1
493,What is the VDRL test of blood ?,1
494,What is artificial intelligence ?,1
495,What are geckos ?,1
496,What does Inuit and Eskimo mean ?,1
497,What does the double-O indicate in 007 ?,1
498,What is a swatch ?,1
499,What is splatterpunk ?,1
500,What is amoxicillin ?,1
501,What are semiconductors ?,1
502,What is the meaning of Jesus ?,1
503,What is a courier ?,1
504,What is swap math ?,1
505,What is real time processing ?,1
506,What is the Immaculate Conception ?,1
507,What is moxie ?,1
508,What is Bombay duck ?,1
509,What is meant by the term `` yield to maturity '' in reference to bonds ?,1
510,What is the spectrum of a sine wave ?,1
511,What is acupuncture ?,1
512,What is an aurora ?,1
513,What is `` alternative '' anymore ?,1
514,What is Linux ?,1
515,What is a Jake brake ?,1
516,What is the Golden Rule ?,1
517,What was an `` Asiento '' ?,1
518,What is a disaccharide ?,1
519,What is the definition of cecum ?,1
520,What is pilates ?,1
521,What is an atom ?,1
522,What does Tiffany mean ?,1
523,What is the definition of ` graphic details ' ?,1
524,What is Cabarnet Sauvignon ?,1
525,What does laser stand for ?,1
526,What is an urban legend ?,1
527,What is software piracy ?,1
528,What was The Living Room War ?,1
529,What is the C programming language ?,1
530,What is poliomyelitis ?,1
531,What does target heart rate mean ?,1
532,What is an isthmus ?,1
533,What is infomatics ?,1
0,What 's the mystery of the Bermuda Triangle ?,2
1,What happened to Pepsi Clear ?,2
2,What are some chemical properties of mendelevium ?,2
3,What was the outcome of the 1945 Yalta Conference ?,2
4,Where do chihuahuas come from ?,2
5,What is the origin of a.m. and p.m. ?,2
6,What excuse did the NATO people give for hitting the Chinese embassy ?,2
7,What should you do for an ankle sprain ?,2
8,Where did the energy for the Big Bang come from ?,2
9,What is the song Stairway to Heaven by Led Zeppelin about ?,2
10,What did the Confederate Constitution say about slavery ?,2
11,What is the origin of the peace symbol ?,2
12,What 's the Olympic motto ?,2
13,What is the difference between hair and fur ?,2
14,What happened in the Long March ?,2
15,What is the difference between college and graduate school ?,2
16,What steps can be taken to prevent diabetes ?,2
17,What is the difference between the Koran and The Bible ?,2
18,What 's the origin of the word ` news ' ?,2
19,What was the rallying cry of the early American revolutionaries ?,2
20,What do Mormons believe ?,2
21,What is the difference between classical conditioning and operant conditioning ?,2
22,What should you yell to hail a taxi in Madrid ?,2
23,What is the origin of the word `` amen '' ?,2
24,What did Mighty Mouse always sing as he went into action ?,2
25,What is the difference between New York-style and Chicago-style pizza ?,2
26,What is the difference between a preface and a foreword ?,2
27,What was the effect of the Yalta Conference ?,2
28,What is the origin of the candy cane at Christmas ?,2
29,What is the recommended daily requirement for folic acid for pregnant women ?,2
30,What is the origin of the name Igor ?,2
31,Where did the saying `` rule of thumb '' come from ?,2
32,What does an emperor do ?,2
33,What is the difference between love and infatuation ?,2
34,What happened in the city of Dogtown in 1899 ?,2
35,What 's the setting of John Le Carre 's A Small Town in Germany ?,2
36,"What is the origin of the term `` blue moon , '' and how often do they occur ?",2
37,What is the origin of thank you notes ?,2
38,What was unusual about Alexandra 's appearance in Josie and the Pussycats ?,2
39,What is the effect of acid rain ?,2
40,What is the use of a 24-hour clock instead of a 12-hour clock ?,2
41,What is the origin of the word `` tampon '' ?,2
42,What is the origin of the word ` posh ' ?,2
43,What do players try to do when the music stops in a game of musical chairs ?,2
44,What is the difference between Neoclassical art and Romanticism art ?,2
45,What happens when lightning strikes a body of water ?,2
46,What is the origin of music ?,2
47,What is the origin of the expression `` tout de suite '' ?,2
48,What 's the state motto of California ?,2
49,What are some children 's rights ?,2
50,What is the origin of the expression `` four-letter word '' ?,2
51,What is the Motto for the State of Maryland ?,2
52,"In Waugh 's `` A Handful of Dust , '' what does the mad old man force the hero to do every afternoon ?",2
53,What do Christian Scientists believe in ?,2
54,What is an example of an actual case of using the Fourteenth Amendment ?,2
55,What does Choo Choo Charlie say ?,2
56,What personality traits are Capricorns said to have ?,2
57,What is the difference between pop music and rock and roll ?,2
58,What is the origin of infinity ?,2
59,"What is the origin of the word , JJ .",2
60,What information can you get me on Fairground Park in St. Louis,2
61,What does your spleen do ?,2
62,What effect does a prism have on light ?,2
63,What happens to the female body with lack of sleep and food ?,2
64,What do insects do through their spiracles ?,2
65,What does a defibrillator do ?,2
66,What are the major differences in the Catholic and Methodist religions ?,2
67,What are the Arabic Numerals from 1 to 10 ?,2
68,What type of childhood did Jules Verne have ?,2
69,What effect does friction have on perpetual motion ?,2
70,What is the difference between a board of directors and an advisory board ?,2
71,What 's distinctive about a palmiped 's feet ?,2
72,What have you not let a tennis ball do if you volley ?,2
73,What is the history of `` the toast '' ?,2
74,What were the three prophecies the witches make to Macbeth ?,2
75,"What do Caroll Baker , Tammy Grimes , Debbie Reynolds , and Judy Garland all have in common ?",2
76,What is the orgin of xoxoxox ?,2
77,What is the origin of the Christmas tree ?,2
78,What is the origin of the word nevermind ?,2
79,What are people doing to help prevent the extinction of birds ?,2
80,What is the difference between khaki and chino ?,2
81,"What was Suzy Parker doing to earn $1 , 000 in the early 1950 's ?",2
82,What do Japanese school uniforms look like ?,2
83,What is the origin of the name ` Scarlett ' ?,2
84,What baseball expression came from the nautical term for ships sailing between the Atlantic and Pacific before the Panama Canal ?,2
85,What were the first words spoken on a film sound track ?,2
86,What did John Hinckley do to impress Jodie Foster ?,2
87,What is the difference between terry cloth and French terry ?,2
88,What do you say to a friend who ignores you for other friends ?,2
89,What was the infamous feat of Germany 's U-2 submarine ?,2
90,What did Delilah do to Samson 's hair ?,2
91,Where does the expression `` cloud nine '' come from ?,2
92,What is the origin of the word Marijuana ?,2
93,What are the lyrics to the Star Spangled Banner ?,2
94,What is the economic impact of unemployment on the economy ?,2
95,What is it like to experience a near death episode ?,2
96,What are the living conditions in Cuba ?,2
97,What are the side effects of mevacor ?,2
98,What is the effect of volcanoes on the climate ?,2
99,What is the origin of gametophytic tissue ?,2
100,What is the text of the Fifth Amendment ?,2
101,What is the main application of sodium hydrosulfite ?,2
102,What is the difference between AM radio stations and FM radio stations ?,2
103,Where does `` bovine '' come from ?,2
104,What 's the distinction of U.S. Supreme Court Justice Thurgood Marshall ?,2
105,"What is the origin of the word , magic ?",2
106,What was the verdict in the 1925 trial of John T. Scopes ?,2
107,What is the origin of `` jiggy '' as in getting jiggy with it ?,2
108,What is the origin of the term `` buffalo wings '' that is used as a menu item in bars across the nation for chicken wings in a spicey sauce ?,2
109,What are the words to the song sung by `` Banana in Pajamas '' ?,2
110,What are the current immigration laws in US ?,2
111,What are the words to `` My Way '' written by Paul Anka ?,2
112,What is the origin of the word `` sideburns '' ?,2
113,What are the distinct physical characterstics of the Arabian horse ?,2
114,What is the origin of `` Beauty is in the eye of the beholder '' ?,2
115,What is the history of the hairdryer ?,2
116,"What are the words to the cd Eminem 's , or slim shady , `` My Name Is '' ?",2
117,What does Esa-Pekka Salonen look like ?,2
118,What do meteorologists do ?,2
119,What is the origin of the word `` mushroom '' ?,2
120,What is the difference between a generator and an alternator ?,2
121,What is the difference between fatalism and determinism ?,2
122,What is the difference between optical and digital video ?,2
123,What effects do nitrates have on the environment ?,2
124,"What do I need to do to take my dog with me to live in Dominica , West Indies for a year ?",2
125,What qualifications are there for individuals donating blood ?,2
126,What is the origin of the term `` The Brooklyn Side '' in bowling ?,2
127,"What is the origin and the meaning of the name , `` Hajo ? ''",2
128,What happened to Pompeii ?,2
129,What are Christopher Marlowe 's and Shakespeare 's literary contributions to English literature ?,2
130,What can be done about snoring ?,2
131,What would happen to Canada if Quebec separated ?,2
132,What are the limits to `` self-defense ? '',2
133,What is the origin of `` barbeque '' ?,2
134,What 's the difference between carelessness and carefreeness ?,2
135,What are my legal rights in an automobile repossession in California ?,2
136,Where did the term `` 86ed '' come from ?,2
137,What is the nature of snow and how is the formation of snow different from that of ice ?,2
138,What revelation did Alexander Butterfield make to the Senate Watergate committee ?,2
139,What is the design of the ship Titanic ?,2
140,What is different about the red and black fox ?,2
141,What facial feature typically contains about 55 hairs ?,2
142,What was the verdict in the trial of Lizzie Borden ?,2
143,What 's new in the postal world in 1999 ?,2
144,What is ` Last Chance for Animals ' ?,2
145,What can I do to get into an Ivy League school ?,2
146,What is the origin of blue for boys and pink for girls ?,2
147,What 's the last line of Dickens 's A Christmas Carol ?,2
148,What is the origin of U.S. Army sergeant 's stripes ?,2
149,What did Richard Feynman say upon hearing he would receive the Nobel Prize in Physics ?,2
150,What is the secret of the universe ?,2
151,What does a nihilist believe in ?,2
152,What do economists do ?,2
153,"What was the proper Laugh-In respones to : `` Say goodnight , Dick '' ?",2
154,What is the origin of the proverb `` A stitch in time saves nine '' ?,2
155,What 's the difference and advantages of selecting a Super VHS VCR over plain VHS model ?,2
156,What is Compaq 's mission statement ?,2
157,What is the origin of the ethnic category `` caucasian '' ?,2
158,What 's the difference between TFT and dual-scan display ?,2
159,What happened in dogtown in 1899 to make that year remembered ?,2
160,"What according to the Kinsey Institute , is the sexual preference of four percent of American males ?",2
161,What will a compass do in outer space ?,2
162,What is the distinction of Erle Stanley Gardner 's The Case of the Terrified Typist ?,2
163,What is the difference between microprocessors & microcontrollers ?,2
164,What facial feature did Walt Disney sport that none of Disney 's employees is allowed to ?,2
165,What did Lenny Bruce say that got him arrested ?,2
166,What is `` the only cigarette made with no leftovers '' ?,2
167,What is so powerful about Power Bars ?,2
168,What are the seven deadly sins ?,2
169,What are the words to the Canadian National anthem ?,2
170,What 's the difference between sleet and freezing rain ?,2
171,What is the origin of the word assassinate ?,2
172,What is the root of all evil ?,2
173,What is the difference between a median and a mean ?,2
174,What is the difference between a classical and an acoustic guitar ?,2
175,What happened to Answers.com ?,2
176,Where did the name root beer come from ?,2
177,What happens when a body part falls asleep ?,2
178,What kind of greeting is appropriate to send on Yom Kippur ?,2
179,What was the importance of Magellan ?,2
180,What is the origin of the word `` attic '' ?,2
181,Where do rocks come from ?,2
182,What are you hearing when you put a seashell to your ear ?,2
183,What will the weather be today ?,2
184,What happened during the Blackhawk Indian war of 1832 ?,2
185,What is the origin of the atom ?,2
186,What happens to used motor oil ?,2
187,What is the difference between a bachelor and a 1 bedroom apartment ?,2
188,What nuclear process takes place in an H-bomb ?,2
189,What is the difference between molecules and compounds ?,2
190,What are some interesting facts and information about dogsledding ?,2
191,"What is the history of Hot Wheels cars , and how are they produced ?",2
192,What is the cultural origin of the ceremony of potlatch ?,2
193,What are the benefits of home school ?,2
194,"What was the first Funk 'N Lata , Brazilian group , success ?",2
195,What 's the motto of the Boy Scouts ?,2
196,Describe the Long March .,2
197,What is the origin of the word `` Teddy bear '' ?,2
198,Where did the marriage ceremony come from ?,2
199,Where did the term `` 86 '' come from ?,2
200,What is the difference between the anus and the rectum ?,2
201,What is the origin of the surname of Braun ?,2
202,What is the historical relationship of Catholic Church and bingo ?,2
203,What motto ended Merrie Melodies cartoons ?,2
204,What is the difference between ninjitsu and kung fu ?,2
205,What do you do when your mouse is n't working as fast as it 's supposed to ?,2
206,What features of the African elephant are larger than those of the Indian elephant ?,2
207,What do a diamond and lump of coal have in common ?,2
208,What did John F. Kennedy consider his greatest blunder in office ?,2
209,"What are some fun things to do in Cozumel , Mexico for teenagers ?",2
210,"What is the origin of the midwest slang , ` you 're darn tootin ' ?",2
211,What are differences between 1980 and 1990 ?,2
212,What 's the difference between J.D. and LL.M. ?,2
213,What is Remembrance Day all about ?,2
214,What are the powers and weaknesses of Green Lantern 's ring ?,2
215,What do you need to do to marry someone in jail ?,2
216,What is the history of yo-yos ?,2
217,What do I need to learn to design web pages ?,2
218,What does Lloyd 's Lutine Bell announce ?,2
219,What is the origin of the typing practice sentence `` Now is the time for all good men to come to the aid of their country '' ?,2
220,What are the rules to `` snow golf '' ?,2
221,What are the benefits of a rowing machine ?,2
222,What happened to Moon Maiden ?,2
223,What is done with worn or outdated flags ?,2
224,What is difference between a poster and a print ?,2
225,What is the origin of the city `` Corpus Christi '' ?,2
226,What is the origin of the word `` pallbearer ? '',2
227,Where did the term `` 69 '' come from ?,2
228,What did n't Rocky Marciano do in his pro boxing career ?,2
229,What is the nursery rhyme Rock-a-by Baby about ?,2
230,Where did the term fireplug come from ?,2
231,What is the origin of the word trigonometry ?,2
232,"What clause in the U.S. Constitution may not be changed , altered or amended ?",2
233,What is the origin of the term soda jerk ?,2
234,What is the history of Buffalo chicken wings ?,2
235,What is the proof that houseplants metabolize carcinogens ?,2
236,Where did Indian Pudding come from ?,2
237,What is the history of the soft drink Mr. Pibb ?,2
238,What is the origin of the word `` mind '' ?,2
239,What is the history of skateboarding ?,2
240,What must a Las Vegas blackjack dealer do when he reaches 16 ?,2
241,What is he doing now ?,2
242,Describe the Finnish music personality Salonen 's appearance .,2
243,What will happen when sodium is put in water ?,2
244,What do bee hives do in cranberry bogs ?,2
245,"What is the history of Spartacus , the Roman slave and gladiator ?",2
246,What is the origin of the word Ozymandias ?,2
247,What do you know about multicultural and multilingual schools ?,2
248,What does an echidna look like ?,2
249,What is the difference between jazz and blues ?,2
250,"What was Nine Tailors , the television show from 1974 , about ?",2
251,What is Franz Kafka 's short story `` A Country Doctor '' trying to tell us ?,2
252,"What did FCC chairman Newton Minow declare TV to be on May 9 , 1961 ?",2
253,What effect does LSD have on the brain ?,2
254,"What exactly , specifically does sleep do for you ?",2
255,"What do Hank Aaron , Jimmy Stewart , and Howard K. Smith have in common ?",2
256,What are the lyrics to `` Smelly Cat '' ?,2
257,What is the weather like on the moon ?,2
258,What is the difference between a college and a university ?,2
259,What is the difference between a bottle and a jar ?,2
260,What is `` the computer for the rest of us '' ?,2
261,What is the origin of the first name ` Breony ' ?,2
262,What is the history of Valentine 's Day cards ?,2
263,What was the V-8 Juice slogan : `` the tastebud '' ?,2
264,What does Freddy Freeman say to become Captain Marvel Jr. ?,2
265,What are the short- and long-term effects of underage drinking ?,2
266,What is the origin of the rock band Led Zeppelin 's name ?,2
267,What ever happened to the once popular Yale Lock Company ?,2
268,What is the daily requirement of folic acid for an expectant mother ?,2
269,What good are mosquitoes ?,2
270,What are the requirements for becoming a citizen of Australia ?,2
271,What is the origin of the name Katie ?,2
272,What did the only repealed amendment to the U.S. Constitution deal with ?,2
273,Where did marijuana come from ?,2
274,What is the difference between a fruit and a vegetable ?,2
275,What happened to Phillip Taylor Kramer ?,2
276,What is the origin of head lice ?,2
277,What is the origin of Boxing Day ?,2
278,What are the environmental influences on plant genetics ?,2
0,How does psorisis disappear ?,3
1,How can I find out how much income tax is paid on Social Security income on the 1998 income tax ?,3
2,How do you get silly putty out of fabric ?,3
3,How did the months of the year get there name ?,3
4,How do I change a file from an ART file to a JPEG or Bitmap file ?,3
5,How do you throw a housewarming party ?,3
6,How do vending machines tell if your dollar is a 1 or a 5 ?,3
7,How did water appear on the earth ?,3
8,How do I find out what cities are in a certain area code ?,3
9,How did the tradition of best man start ?,3
10,How do companies cut paper so thin ?,3
11,How do I contact Answers.com direct ?,3
12,How do microwaves work ?,3
13,How does the Elongated Man know a mystery is afoot ?,3
14,"How does Cos Cob , CT get its name ?",3
15,How do you clean an LCD monitor screen ?,3
16,"How can people from Ireland come to the U.S. , work , and then return to Ireland ?",3
17,How does food color affect how you think it will taste ?,3
18,How do doctors diagnose bone cancer ?,3
19,How was the Kennedy money made ?,3
20,How is saline used in medicine ?,3
21,How do birds have sex ?,3
22,How can you contact play producers and promoters on-line ?,3
23,How do plants make food ?,3
24,How can you get rust stains out of clothing ?,3
25,How did the bikini bathing suite get its name ?,3
26,How can I find online spelling ?,3
27,How can you tell when figs are ripe ?,3
28,How is it correct to say ` qigong ' ?,3
29,How do I get another city 's newspaper ?,3
30,How does a scientific calculator work ?,3
31,How does James Bond like his martinis ?,3
32,How do you recognize anorexia ?,3
33,How do I keep cats out of my flower garden for good ?,3
34,How do I start a bank ?,3
35,How is the new Ford Econoline van F25 V1 engine ?,3
36,How do you identify prime numbers ?,3
37,How do you make a computer chip ?,3
38,How can I call a friend in another country when I do not know the telephone number ?,3
39,How was Lawrence,3
40,How do you send a movie transcript to Hollywood so that it can be produced into a film ?,3
41,How can I stop or slow down aging ?,3
42,How does marijuana lead to other drugs ?,3
43,How did Socrates die ?,3
44,How can you prevent it ?,3
45,How does a bill become law ?,3
46,How do you match a name to a social security number ?,3
47,How would someone go about becoming an organ donor ?,3
48,How do I increase my biceps ' size ?,3
49,How do you clean up a cache ?,3
50,How do clouds form ?,3
51,How does an ion drive work ?,3
52,How does a copier work ?,3
53,How can I get a comic character I made copyrighted and published ?,3
54,How do you fix squeaky floors ?,3
55,How did P.T. Barnum bill the diminutive Charles S. Stratton ?,3
56,How do you use an intranet ?,3
57,How do you tell your parents you are dating an older man ?,3
58,How does a glacier form ?,3
59,How close a cousin was Franklin D. to Theodore Roosevelt ?,3
60,How do I know if I am pregnant ?,3
61,How can I look up someone 's E-mail address on the Internet ?,3
62,How does the chain of command work inside an US army Apache helicopter ?,3
63,How did former WWF wrestler Rick Rude die ?,3
64,How do you solve `` Rubik 's Cube '' ?,3
65,How can you be happy ?,3
66,How did the Great Depression affect Japan 's history ?,3
67,How do you measure earthquakes ?,3
68,How can I find out how much it costs to raise a baby for six months ?,3
69,How did the Hohenzollerns build their power around 17 ?,3
70,How do they produce vitamins ?,3
71,How does the car in `` Christine '' become possessed ?,3
72,How do you get to the top of the Eiffel Tower ?,3
73,How did the 7th inning stretch get started ?,3
74,How did Edith Bunker die ?,3
75,How do I e-mail someone at aol.com from yahoo.com ?,3
76,How do you reference a website ?,3
77,How do they get Teflon to stick to the pan ?,3
78,How can I gain access to a spy satelite ?,3
79,How do I find a city if I have the area code ?,3
80,How do you do a bibliography page ?,3
81,How do you handle a hungry man ?,3
82,How does color affect a person psychologically ?,3
83,How did Jayne Mansfield die ?,3
84,How do you find the area of a circle ?,3
85,How do fuel injectors work ?,3
86,How do they find or choose witnesses to an execution ?,3
87,How do you stop junk snail mail ?,3
88,How do movie blues screens work ?,3
89,How do I find a snowboarding website ?,3
90,How did ` stat ' come to be used as an expression for quickly ?,3
91,How did Rocky Marciano die ?,3
92,How do you exterminate bees that are in the walls of your home ? Will bee eggs remain over winter ?,3
93,How can I determine the radius of an ellipse ?,3
94,How can I get some free technical information on Electric Vehicle ?,3
95,How do I know if I 'm jealous of someone ?,3
96,How do I do this ?,3
97,How did names come about ?,3
98,How do you get a pointsettia to turn red ?,3
99,How do birds find their way back to the same place every year ?,3
100,How do chickens have baby chicks ?,3
101,How do boats float ?,3
102,How do anti-locking brakes work ?,3
103,How can I find out my biorhythm ?,3
104,How do I stop background noise in a car stereo ?,3
105,How do you dunk ?,3
106,How do I impress a guy ?,3
107,What do I have to do to get good grades in school ?,3
108,How do you make the color purple ?,3
109,How do you make a paintball ?,3
110,How can I get in touch with Michael Moore of `` Roger & Me '' ?,3
111,How can I give myself a French manicure ?,3
112,How do you build a solar car for a high school experiment ?,3
113,How do they find an epicenter ?,3
114,How is bubble wrap made ?,3
115,How can anyone tell if a female had sexual intercourse ?,3
116,How do I give a good massage ?,3
117,How do I find info about rice importers in the world ?,3
118,How does General Mills manufacture Cheerios ?,3
119,How is Answers.com funded ?,3
120,How do they type Chinese characters on a keyboard ?,3
121,How do you ask a total stranger out on a date ?,3
122,How did Janice Joplin die ?,3
123,How is the word ` qigong ' pronounced ?,3
124,How does a rainbow form ?,3
125,How is digital audio used ?,3
126,How can your school march in the Macy 's Thanksgiving Parade ?,3
127,How did the war of 1812 affect Delaware ?,3
128,How is the election of a new Pope announced to the world ?,3
129,How does the Nintendo `` Zapper '' work ?,3
130,How does crosstalk relate to InSb thickness in infrared detectors ?,3
131,"How can I find a list of , fax and or email , addresses for human resource departments in Massachusetts ?",3
132,How do websites like Yahoo and Excite make money ?,3
133,How can you stop the itch from poison ivy ?,3
134,How do I find if my relatives were on the Trail of Tears ?,3
135,How does rabies spread ?,3
136,How can SQL queries be improved ?,3
137,How does lightning travel ?,3
138,How do you make dumplings ?,3
139,How was the ACLU formed ?,3
140,How can I find out what year a Beanie Baby was introduced ?,3
141,How can I get someone 's email address ?,3
142,"How can I find online spelling , and punctuation drills for my 6th grader ?",3
143,How is Abigail Arcane related to the villainous opponent of the Swamp Thing ?,3
144,How can I get someone 's phone number if I only have their screen name ?,3
145,How did Asia get its name ?,3
146,How do storms form ?,3
147,How does one correctly pronounce ` qigong ' ?,3
148,How did people respond to the idea of the first millenium ?,3
149,How do ants have sex ?,3
150,How you can raise your IQ ?,3
151,How do I write to my Congressman ?,3
152,How do you determine heating requirements for your home ?,3
153,How do I tie dye clothes ?,3
154,How do you tell somebody you like them ?,3
155,How do I make fuel bricks from recycled newspaper ?,3
156,How does marl form and what mineral does it contain ?,3
157,How can I find a phone number of someone if I only know their email address ?,3
158,How did Peabody and Sherman travel through time ?,3
159,How did shipyard inspector James J. Kilroy designate equipment as being satisfactory ?,3
160,How is energy created ?,3
161,How can you tell if someone is lying ?,3
162,How do you calculate the change in enthalpy of a chemical reaction ?,3
163,How did the U.S. come into the possession of an empire in the wake of the Spanish-American War ?,3
164,How do I contact answers.com ?,3
165,How do windmills work ?,3
166,How do I find out about jobs ?,3
167,How do you measure the heat of the sun ?,3
168,How can I enforce new rules to a group of youngsters who have been allowed to do as they please .,3
169,How does Zatanna perform her magic in DC comics ?,3
170,How can someone become a federal agent ?,3
171,How did the jack-o '-lantern get it 's name ?,3
172,How is water treated to make it safe to drink ?,3
173,How can I get rich quick ?,3
174,How can I register my website in Yahoo for free ?,3
175,How is Answers.com different from KnowPost.com ?,3
176,How does a parachute work ?,3
177,How was the element calcium named ?,3
178,How can I find out which cities have cable-modem access ?,3
179,How do you look up criminal records on the Internet ?,3
180,How do I legally make my own will and testament ?,3
181,How did Super President gain his powers on the animated series ?,3
182,How does an abacus work ?,3
183,How do you get a girl to have sex with you ?,3
184,How is the element strontium purified ?,3
185,How can I trace my family roots ?,3
186,How can I get a CCT diagram ?,3
187,How do telephones work ?,3
188,How do they raise the cranes when building high-rise buildings ?,3
189,How do cameras take pictures ?,3
190,How do I install a tile floor ?,3
191,How do you get dates with the `` Hooters '' girls ?,3
192,How is plastic made ?,3
193,How do I find the balance of my social security account ?,3
194,How do I know how much money to save for retirement ?,3
195,How do you do a topic outline ?,3
196,How can a foreigner get a U.S. Social Security card ?,3
197,"In My Antonia , how is Mr. Shimerda out of place on the farm ?",3
198,How do you clean badly tarnished brass ?,3
199,How were the days of the week named ?,3
200,How is ` qigong ' properly pronounced ?,3
201,How do you write a book report ?,3
202,How can you become an FBI agent ?,3
203,How do wasps make their nests ?,3
204,How do I find out the exact time of a sunset for a particular day ?,3
205,How do I log on to home page at Headquarters U.S. European Command ?,3
206,How does blood clot ?,3
207,How can I easily remove red wine stains from t-shirts ?,3
208,How effective are condoms in protecting against AIDS ?,3
209,How does Belle describe her life in Beauty and the Beast ?,3
210,How is cologne made ?,3
211,How is an executioner determined ?,3
212,How does the tail affect the flight of a kite ?,3
213,How do you write MLA style bibliographies for an Internet source ?,3
214,How can I transport files from one computer to another ?,3
215,How do I register a trade name in North Carolina ?,3
216,How would I find the price of different organs that have been donated ?,3
217,How do I check if my modem is v.9 compatible ?,3
218,How does a chick breathe inside an egg ?,3
219,How can I get my product licensed by the NBA ?,3
220,How does hair curl ?,3
221,How do I get a complete list of all the people that are living with the last name Kilvington ?,3
222,How does a small businessman contact the Good Humor Ice Cream company to do business with them ?,3
223,How do you ask questions ?,3
224,How do I know someone is truly in love with me ?,3
225,How do I love thee ?,3
226,How do you make a million bucks ?,3
227,How did serfdom develop in and then leave Russia ?,3
228,How is silk screening done ?,3
229,How do I find a web address for a company ?,3
230,How do you buy stocks ?,3
231,How do you correctly say the word ` qigong ' ?,3
232,How do you get rid on woodpeckers ?,3
233,How can I find out my Moon sign ?,3
234,How does a hydroelectric dam work ?,3
235,How does a submarine operate ?,3
236,How do I get my LAN card activated so that it can hook up to another computer without using a HUB ?,3
237,How do you address a Chinese person ?,3
238,How do you get a broken cork out of a bottle ?,3
239,How did Lee Harvey Oswald purchase his rifle ?,3
240,How do you pronounce `` Tzimisce '' ?,3
241,How does a hurricane form ?,3
242,How do you select wine ?,3
243,How do hermit crabs reproduce ?,3
244,How does salt melt ice and snow ?,3
245,How do you write a correct critical analysis of a poem ?,3
246,How can I search for a word within my own webpage ?,3
247,How was Teddy Roosevelt related to FDR ?,3
248,How is Easter Sunday 's date determined ?,3
249,How can I find a list of celebrities ' real names ?,3
250,How is carbon dioxide removed from natural gas ?,3
251,How is Paraguay for vacations ?,3
252,How does the speed the magnet spins in a generator affect the output of the generator ?,3
253,How do Ouija Boards work ?,3
254,How can scientists predict weather by observing clouds ?,3
255,How is a hydrogen bomb different from a nuclear bomb ?,3
256,How do you make panoramic sugar eggs for Easter - the ones with the scene inside ?,3
257,How has TV affected our society ?,3
258,How do you find out what is allowed to claim as a contibution for income tax purposes ?,3
259,How do you determine if a computer monitor has an SVGA adapter ?,3
260,How do you get bubblegum out of carpet ?,3
261,How do I start a web based business ?,3
262,How did U.S.A become involved in the Barbary Wars,3
263,How do you use `` farther '' as opposed to `` further '' ?,3
264,How do you find oxidation numbers ?,3
265,How does it make its colors ?,3
266,How successful is arometherapy ?,3
267,How does ultraviolet light damage the DNA of skin cells ?,3
268,How do I sing like Elvis Presley ?,3
269,How do you box train a cat ?,3
270,How can I get started in writing for television ?,3
271,How do you convert foot-pounds to foot-inches ?,3
272,How do you do a bibliography with an unknown author ?,3
273,How did Bob Marley die ?,3
274,How do you become a dentist ?,3
275,How do I tie a tie ?,3
276,How does light travel through the void of space if there is no medium for it to ` wave ' or ` pulse ' .,3
0,"In the song `` Yankee Doodle , '' why did Yankee Doodle stick a feather in his cap and call it macaroni ?",4
1,Why do men snore ?,4
2,What caused Harry Houdini 's death ?,4
3,What was the reason for the partition of the Anglican and Vatican churches ?,4
4,Why do roosters sing at five o 'clock in the morning ?,4
5,Why did the Anglican church split from the Vatican ?,4
6,Why do airliners crash vs. gliding down ?,4
7,What incident caused the canning of a summit conference between Eisenhower and Khrushchev ?,4
8,Why are haunted houses popular ?,4
9,Why are there no white lines on pro footballs ?,4
10,What was the claim to fame of King Camp Gillette ?,4
11,What is the function of RAM ?,4
12,Why are there 12 people on a jury in criminal cases ?,4
13,Why did Europeans first come to Australia and Oceania ?,4
14,Why is a ladybug helpful ?,4
15,Why are the U.S. presidential elections held in November ?,4
16,Why can 't women serve in the Navy on board submarines ?,4
17,Why did the Aztecs first think the Spanish were Gods ?,4
18,Why was the zipper invented ?,4
19,What is the purpose of the SysRq key on my computer keyboard ?,4
20,Why do we have to go to school ?,4
21,What is the purpose of a car bra ?,4
22,Why shouldn 't you remove a bee stinger with tweezers ?,4
23,Why are there letters on the telephone ? Why are there no Q or Z ?,4
24,Why did several San Diego schools stop serving apples to students ?,4
25,What is Betsy Ross famous for ?,4
26,What is in baby powder and baby lotion that makes it smell the way it does ?,4
27,What causes blue balls ?,4
28,What is Archimedes famous for ?,4
29,"Why do some jets have a vapor trail , and others do not ?",4
30,Why do people get calluses ?,4
31,Why is it called `` hamburger '' if there is no ham in it ?,4
32,"Why do USA fax machines not work in UK , NNP ?",4
33,For what reason did the Shea & Gould law firm close their L.A. office ?,4
34,Why do some people have two different color eyes ?,4
35,Why did the chicken cross the road ?,4
36,Why are there olives in martinis ?,4
37,Why are ice cream sundaes called sundaes ?,4
38,Why do pressure cookers save time in the kitchen ?,4
39,Why is Microsoft 's Windows 3 software so successful ?,4
40,Why was the L.A. office of Shea and Gould closed ?,4
41,Why do you say `` God bless you '' when people sneeze ?,4
42,Why doesn 't www.answers.com have any answers to my questions ?,4
43,Why does a woman have to be a virgin to be a nun ?,4
44,What caused Shea & Gould to close their L.A. office ?,4
45,Give a reason for American Indians oftentimes dropping out of school .,4
46,What are the medical purposes of `` clitoridectomy '' ?,4
47,What caused an adjournment of the 25th anniversary session of the United Nations General Assembly ?,4
48,What made Jane Goodall famous ?,4
49,Why in tennis are zero points called love ?,4
50,Why was Muhammad Ali stripped of his title and barred from boxing in 1967 ?,4
51,What caused the division between the Anglicans and the Vatican ?,4
52,Why was Curious George curious ?,4
53,For what reason did some San Diego schools stop serving apples ?,4
54,What did Cool Hand Luke go to jail for ?,4
55,What is Jane Goodall known for ?,4
56,Why does cotton get caught in belly buttons ?,4
57,Why is the mile 528 feet ?,4
58,What 's the claim to fame of night watchman Frank Wills ?,4
59,What causes the redness in your cheeks when you blush ?,4
60,What characteristics contribute to its `` intelligence '' ?,4
61,Why were the American soldiers in WWI called `` Doughboys '',4
62,What function does a community 's water tower serve ?,4
63,Why is Thanksgiving on a Thursday ?,4
64,Why were people recruited for the Vietnam War ?,4
65,Why are electric cars less efficient in the northeast than in California ?,4
66,What causes tuberculosis ?,4
67,Why are the ears your center of balance ?,4
68,"What is the claim to fame of Agra , India ?",4
69,What caused the Lynmouth floods ?,4
70,What are tonsils for ?,4
71,What makes sperm ?,4
72,Why do eyes sometimes look red in photographs ?,4
73,"What was Al Capone finally imprisoned for , in 1931 ?",4
74,What exactly is the purpose of the anteater ?,4
75,Why do we ask for the `` check '' and not the bill at a restaurant ?,4
76,Why do n't you guys have some sort of contest where you ask a question and whoever finds the answers wins a prize ?,4
77,Why does the moon turn orange ?,4
78,"Why was Washington , DC originally called District of Columbia ?",4
79,Why does it snow ?,4
80,What is Jane Goodall famous for ?,4
81,Why do recipe books recommend starting with cold water when you boil something ?,4
82,What is the purpose of BIOS ?,4
83,"What was the claim to fame of Explorer I , launched February 1 , 1958 ?",4
84,Why should cigarette smoking be banned ?,4
85,Why can 't ostriches fly ?,4
86,Shea and Gould closed their Los Angeles office for what reason ?,4
87,Why does tuberculosis afflict people ?,4
88,What is D.B. Cooper known for ?,4
89,Why did the Globe Theatre burn down ?,4
90,What are Cushman and Wakefield known for ?,4
91,Why is the moon different sizes and colors ?,4
92,What makes hamburgers taste like steakburgers ?,4
93,Why are peanut butter cookies topped with crisscrosses ?,4
94,Why are there Braille things on the ATM machines that people drive through ?,4
95,What were the causes of the Civil War ?,4
96,How come light bulbs go out ?,4
97,Colin Powell is best known for what achievement ?,4
98,What makes salt ?,4
99,"What is Black Hills , South Dakota most famous for ?",4
100,What makes a tornado turn ?,4
101,Why do people shake hands to show friendliness ?,4
102,Why does a candle need a wick ?,4
103,Why did David Koresh ask the FBI for a word processor ?,4
104,What is the S&P 500 used for ?,4
105,Why is Indiglo called Indiglo ?,4
106,Why do horseshoes bring luck ?,4
107,Why did several San Diego schools remove apples from students menus ?,4
108,Why is Microsoft 's Windows 3 such a successful computer program ?,4
109,Why is Chicago named Chicago ?,4
110,"Why does a wheel , e.g. a car tire , appear to spin in the opposite direction as it slows down ?",4
111,Why did the Shea & Gould law firm leave Los Angeles ?,4
112,What function does homeostasis have on the existence of an organism ?,4
113,Why are organ transplants more successful today ?,4
114,What makes thunder ?,4
115,What causes the body to shiver in cold temperatures ?,4
116,What makes a clitoris sensitive ?,4
117,Why does the sun shine only a short time in Alaska ?,4
118,What is Margaret Thatcher known for ?,4
119,Why do we call someone `` honey '' ?,4
120,Why do they sterilize the needle for lethal injection ?,4
121,Why do rooftops give off steam after a big rainstorm ?,4
122,What causes headaches ?,4
123,What is Colin Powell best known for ?,4
124,Why didn 't European colonial rule spread until after the first and second industrial revolutions ?,4
125,What is the esophagus used for ?,4
126,Why is Rush 's 2112 called 2112 ?,4
127,Why is hockey so violent ?,4
128,What makes you fat ?,4
129,What causes `` rolling thunder '' ?,4
130,Why is the sun yellow ?,4
131,"What are the factors leading to the high teen pregnancy rate in Spartanburg , South Carolina ?",4
132,Why do many Native American students not complete college ?,4
133,Colin Powell is most famous for what ?,4
134,What causes gray hair ?,4
135,Why is the grass green ?,4
136,What causes canker sores in the mouth ?,4
137,What is Garry Kasparov famous for ?,4
138,What 's nature 's purpose for tornadoes ?,4
139,"Why are sometimes your hands cold , but the rest of you isn 't ?",4
140,Why does it say on children 's cough syrup not to drive while using this medication ?,4
141,Why are the rooftops in Canada green ?,4
142,What are the most common causes of death in the U.S. ?,4
143,"What makes Black Hills , South Dakota a tourist attraction ?",4
144,Why do magnets attract ?,4
145,What is the cause of endangered species ?,4
146,What currents affect the area of the Shetland Islands and Orkney Islands in the North Sea ?,4
147,Why do they call it a `` funny bone '' ?,4
148,"Why do people get goosebumps when they have something emotional happen to them , like when they hear a beautiful piece of music , or see something beautiful , or get aroused by someone they love ?",4
149,Why do pharmacists work on raised floors ?,4
150,"Why was Henry Ford 's first automobile calleda Model T & his second type of automobile , introduced in 1928 , called a Model A ?",4
151,Why do the chickenpoxs last so long ?,4
152,"What was the claim to fame of the football game that saw Fordham defeat Waynesburg State 12601 on September 3 , 1939 ?",4
153,What causes rust ?,4
154,What caused the death of Bob Marley ?,4
155,Why is black the color of mourning in the West ?,4
156,Why do oceans contain salt water instead of fresh water ?,4
157,Why is Jane Goodall famous ?,4
158,Why is poop sometimes different colors ?,4
159,What problems contributed to the high failure rate of Plains farmers in the 1800s ?,4
160,What causes asthma ?,4
161,What is main reason for that electric vehicles can 't be popular nowadays ?,4
162,Why is the word `` abbreviation '' so long ?,4
163,What causes panic attacks ?,4
164,What prompted the co-pilot of the Enola Gay to enter only `` My God '' in his log ?,4
165,What causes a person to have constantly sweaty hands and feet ?,4
166,What causes an earthquake ?,4
167,What 's the proud claim to fame of the young women who formed Kappa Alpha Theta ?,4
168,Why are lions called `` King of the Jungle '' ?,4
169,Why does a candle go out when we blow on it ?,4
170,Why do some clothing labels say `` Use a nonchlorine bleach '' ?,4
171,Why is the development of space so important ?,4
172,Why did the world enter a global depression in 1929 ?,4
173,Colin Powell is famous for what ?,4
174,What are those little blue reflectors in the middle of the road for ?,4
175,What causes pneumonia ?,4
176,What is the function of the appendix ?,4
177,"Why is the universe flat , if it started by an explosion , shouldn 't it be a sphere ?",4
178,From what cause does tuberculosis stem ?,4
179,Why were red M&Ms discontinued then brought back ?,4
180,Why do they call a hamburger a hamburger when there is no ham ?,4
181,Why do heavier objects travel downhill faster ?,4
182,What made the Finger Lakes in western New York state ?,4
183,Why did Egyptians shave their eyebrows ?,4
184,Why can 't you taste anything when you have a cold ?,4
185,Why do people in the upper peninsula of Michagin say `` eh ? '' ?,4
186,What caused the Titanic to sink ?,4
187,Why do movie and TV stars get paid so much ?,4
188,What made the short-lived Star Hawks strip so unique ?,4
189,Why does sound travel quicker through water than air ?,4
190,Why are eggs supposed to be stored small end down ?,4
191,What causes someone to be ticklish ?,4
192,Why do girls have to wear training bras ?,4
193,Why are so many umbrellas black ?,4
194,How come a doughnut has a hole in it ?,4
195,What makes popcorn pop ?,4
